[{"family":"MaterialIcons","fonts":[{"asset":"fonts/MaterialIcons-Regular.otf"}]},{"family":"WorkSans","fonts":[{"weight":700,"asset":"assets/fonts/WorkSans/WorkSans-Bold.ttf"},{"asset":"assets/fonts/WorkSans/WorkSans-BoldItalic.ttf"},{"asset":"assets/fonts/WorkSans/WorkSans-Italic.ttf"},{"weight":500,"asset":"assets/fonts/WorkSans/WorkSans-Medium.ttf"},{"asset":"assets/fonts/WorkSans/WorkSans-MediumItalic.ttf"},{"weight":400,"asset":"assets/fonts/WorkSans/WorkSans-Regular.ttf"}]},{"family":"packages/cupertino_icons/CupertinoIcons","fonts":[{"asset":"packages/cupertino_icons/assets/CupertinoIcons.ttf"}]}]