{"assets/animation/loader.json":["assets/animation/loader.json"],"assets/appIcon/app_icon.png":["assets/appIcon/app_icon.png"],"assets/dashboard/accounting.svg":["assets/dashboard/accounting.svg"],"assets/dashboard/add_sale.svg":["assets/dashboard/add_sale.svg"],"assets/dashboard/added_drug.svg":["assets/dashboard/added_drug.svg"],"assets/dashboard/arrow--down-left.svg":["assets/dashboard/arrow--down-left.svg"],"assets/dashboard/arrow_up_right.svg":["assets/dashboard/arrow_up_right.svg"],"assets/dashboard/barcode.svg":["assets/dashboard/barcode.svg"],"assets/dashboard/calendar-heat-map.svg":["assets/dashboard/calendar-heat-map.svg"],"assets/dashboard/calendar.svg":["assets/dashboard/calendar.svg"],"assets/dashboard/cart.svg":["assets/dashboard/cart.svg"],"assets/dashboard/chart--average.svg":["assets/dashboard/chart--average.svg"],"assets/dashboard/chemistry--reference.svg":["assets/dashboard/chemistry--reference.svg"],"assets/dashboard/chevron--left.svg":["assets/dashboard/chevron--left.svg"],"assets/dashboard/chevron--right.svg":["assets/dashboard/chevron--right.svg"],"assets/dashboard/close_btn.svg":["assets/dashboard/close_btn.svg"],"assets/dashboard/close_drawer_icon.svg":["assets/dashboard/close_drawer_icon.svg"],"assets/dashboard/close_side_panel.svg":["assets/dashboard/close_side_panel.svg"],"assets/dashboard/close_upgrade_dialog.svg":["assets/dashboard/close_upgrade_dialog.svg"],"assets/dashboard/cloud--upload.svg":["assets/dashboard/cloud--upload.svg"],"assets/dashboard/dark.svg":["assets/dashboard/dark.svg"],"assets/dashboard/edit.svg":["assets/dashboard/edit.svg"],"assets/dashboard/export.svg":["assets/dashboard/export.svg"],"assets/dashboard/home.svg":["assets/dashboard/home.svg"],"assets/dashboard/inventory.svg":["assets/dashboard/inventory.svg"],"assets/dashboard/kyc_icon.svg":["assets/dashboard/kyc_icon.svg"],"assets/dashboard/kyc_sub_icon.svg":["assets/dashboard/kyc_sub_icon.svg"],"assets/dashboard/light_icon.svg":["assets/dashboard/light_icon.svg"],"assets/dashboard/list--boxes.svg":["assets/dashboard/list--boxes.svg"],"assets/dashboard/logout.svg":["assets/dashboard/logout.svg"],"assets/dashboard/menu_light.svg":["assets/dashboard/menu_light.svg"],"assets/dashboard/minimise.svg":["assets/dashboard/minimise.svg"],"assets/dashboard/notification.svg":["assets/dashboard/notification.svg"],"assets/dashboard/percentage.svg":["assets/dashboard/percentage.svg"],"assets/dashboard/qrcode.svg":["assets/dashboard/qrcode.svg"],"assets/dashboard/recent_sales_icon.svg":["assets/dashboard/recent_sales_icon.svg"],"assets/dashboard/report.svg":["assets/dashboard/report.svg"],"assets/dashboard/right_icon.svg":["assets/dashboard/right_icon.svg"],"assets/dashboard/sales.svg":["assets/dashboard/sales.svg"],"assets/dashboard/scale.svg":["assets/dashboard/scale.svg"],"assets/dashboard/search.svg":["assets/dashboard/search.svg"],"assets/dashboard/separator.svg":["assets/dashboard/separator.svg"],"assets/dashboard/settings.svg":["assets/dashboard/settings.svg"],"assets/dashboard/single_user.svg":["assets/dashboard/single_user.svg"],"assets/dashboard/star--review.svg":["assets/dashboard/star--review.svg"],"assets/dashboard/support.svg":["assets/dashboard/support.svg"],"assets/dashboard/sync_completed.svg":["assets/dashboard/sync_completed.svg"],"assets/dashboard/trash-can.svg":["assets/dashboard/trash-can.svg"],"assets/dashboard/upgrade_icon.svg":["assets/dashboard/upgrade_icon.svg"],"assets/dashboard/upgrade_img.png":["assets/dashboard/upgrade_img.png"],"assets/dashboard/user.svg":["assets/dashboard/user.svg"],"assets/dashboard/wallet.svg":["assets/dashboard/wallet.svg"],"assets/dashboard/warning.svg":["assets/dashboard/warning.svg"],"assets/dashboard/wave_hand_icon.svg":["assets/dashboard/wave_hand_icon.svg"],"assets/dashboard/wifi_connected.svg":["assets/dashboard/wifi_connected.svg"],"assets/flags/ad.png":["assets/flags/ad.png"],"assets/flags/ae.png":["assets/flags/ae.png"],"assets/flags/af.png":["assets/flags/af.png"],"assets/flags/ag.png":["assets/flags/ag.png"],"assets/flags/ai.png":["assets/flags/ai.png"],"assets/flags/al.png":["assets/flags/al.png"],"assets/flags/am.png":["assets/flags/am.png"],"assets/flags/an.png":["assets/flags/an.png"],"assets/flags/ao.png":["assets/flags/ao.png"],"assets/flags/aq.png":["assets/flags/aq.png"],"assets/flags/ar.png":["assets/flags/ar.png"],"assets/flags/as.png":["assets/flags/as.png"],"assets/flags/at.png":["assets/flags/at.png"],"assets/flags/au.png":["assets/flags/au.png"],"assets/flags/aw.png":["assets/flags/aw.png"],"assets/flags/ax.png":["assets/flags/ax.png"],"assets/flags/az.png":["assets/flags/az.png"],"assets/flags/ba.png":["assets/flags/ba.png"],"assets/flags/bb.png":["assets/flags/bb.png"],"assets/flags/bd.png":["assets/flags/bd.png"],"assets/flags/be.png":["assets/flags/be.png"],"assets/flags/bf.png":["assets/flags/bf.png"],"assets/flags/bg.png":["assets/flags/bg.png"],"assets/flags/bh.png":["assets/flags/bh.png"],"assets/flags/bi.png":["assets/flags/bi.png"],"assets/flags/bj.png":["assets/flags/bj.png"],"assets/flags/bl.png":["assets/flags/bl.png"],"assets/flags/bm.png":["assets/flags/bm.png"],"assets/flags/bn.png":["assets/flags/bn.png"],"assets/flags/bo.png":["assets/flags/bo.png"],"assets/flags/bq.png":["assets/flags/bq.png"],"assets/flags/br.png":["assets/flags/br.png"],"assets/flags/bs.png":["assets/flags/bs.png"],"assets/flags/bt.png":["assets/flags/bt.png"],"assets/flags/bv.png":["assets/flags/bv.png"],"assets/flags/bw.png":["assets/flags/bw.png"],"assets/flags/by.png":["assets/flags/by.png"],"assets/flags/bz.png":["assets/flags/bz.png"],"assets/flags/ca.png":["assets/flags/ca.png"],"assets/flags/cc.png":["assets/flags/cc.png"],"assets/flags/cd.png":["assets/flags/cd.png"],"assets/flags/cf.png":["assets/flags/cf.png"],"assets/flags/cg.png":["assets/flags/cg.png"],"assets/flags/ch.png":["assets/flags/ch.png"],"assets/flags/ci.png":["assets/flags/ci.png"],"assets/flags/ck.png":["assets/flags/ck.png"],"assets/flags/cl.png":["assets/flags/cl.png"],"assets/flags/cm.png":["assets/flags/cm.png"],"assets/flags/cn.png":["assets/flags/cn.png"],"assets/flags/co.png":["assets/flags/co.png"],"assets/flags/cr.png":["assets/flags/cr.png"],"assets/flags/cu.png":["assets/flags/cu.png"],"assets/flags/cv.png":["assets/flags/cv.png"],"assets/flags/cw.png":["assets/flags/cw.png"],"assets/flags/cx.png":["assets/flags/cx.png"],"assets/flags/cy.png":["assets/flags/cy.png"],"assets/flags/cz.png":["assets/flags/cz.png"],"assets/flags/de.png":["assets/flags/de.png"],"assets/flags/dj.png":["assets/flags/dj.png"],"assets/flags/dk.png":["assets/flags/dk.png"],"assets/flags/dm.png":["assets/flags/dm.png"],"assets/flags/dz.png":["assets/flags/dz.png"],"assets/flags/ec.png":["assets/flags/ec.png"],"assets/flags/ee.png":["assets/flags/ee.png"],"assets/flags/eg.png":["assets/flags/eg.png"],"assets/flags/eh.png":["assets/flags/eh.png"],"assets/flags/er.png":["assets/flags/er.png"],"assets/flags/es.png":["assets/flags/es.png"],"assets/flags/et.png":["assets/flags/et.png"],"assets/flags/eu.png":["assets/flags/eu.png"],"assets/flags/fi.png":["assets/flags/fi.png"],"assets/flags/fj.png":["assets/flags/fj.png"],"assets/flags/fk.png":["assets/flags/fk.png"],"assets/flags/fm.png":["assets/flags/fm.png"],"assets/flags/fo.png":["assets/flags/fo.png"],"assets/flags/fr.png":["assets/flags/fr.png"],"assets/flags/ga.png":["assets/flags/ga.png"],"assets/flags/gb-eng.png":["assets/flags/gb-eng.png"],"assets/flags/gb-nir.png":["assets/flags/gb-nir.png"],"assets/flags/gb-sct.png":["assets/flags/gb-sct.png"],"assets/flags/gb-wls.png":["assets/flags/gb-wls.png"],"assets/flags/gb.png":["assets/flags/gb.png"],"assets/flags/gd.png":["assets/flags/gd.png"],"assets/flags/ge.png":["assets/flags/ge.png"],"assets/flags/gf.png":["assets/flags/gf.png"],"assets/flags/gg.png":["assets/flags/gg.png"],"assets/flags/gh.png":["assets/flags/gh.png"],"assets/flags/gi.png":["assets/flags/gi.png"],"assets/flags/gl.png":["assets/flags/gl.png"],"assets/flags/gm.png":["assets/flags/gm.png"],"assets/flags/gn.png":["assets/flags/gn.png"],"assets/flags/gp.png":["assets/flags/gp.png"],"assets/flags/gq.png":["assets/flags/gq.png"],"assets/flags/gr.png":["assets/flags/gr.png"],"assets/flags/gs.png":["assets/flags/gs.png"],"assets/flags/gt.png":["assets/flags/gt.png"],"assets/flags/gu.png":["assets/flags/gu.png"],"assets/flags/gw.png":["assets/flags/gw.png"],"assets/flags/gy.png":["assets/flags/gy.png"],"assets/flags/hk.png":["assets/flags/hk.png"],"assets/flags/hm.png":["assets/flags/hm.png"],"assets/flags/hn.png":["assets/flags/hn.png"],"assets/flags/hr.png":["assets/flags/hr.png"],"assets/flags/ht.png":["assets/flags/ht.png"],"assets/flags/hu.png":["assets/flags/hu.png"],"assets/flags/id.png":["assets/flags/id.png"],"assets/flags/ie.png":["assets/flags/ie.png"],"assets/flags/il.png":["assets/flags/il.png"],"assets/flags/im.png":["assets/flags/im.png"],"assets/flags/io.png":["assets/flags/io.png"],"assets/flags/iq.png":["assets/flags/iq.png"],"assets/flags/ir.png":["assets/flags/ir.png"],"assets/flags/it.png":["assets/flags/it.png"],"assets/flags/je.png":["assets/flags/je.png"],"assets/flags/jm.png":["assets/flags/jm.png"],"assets/flags/jo.png":["assets/flags/jo.png"],"assets/flags/jp.png":["assets/flags/jp.png"],"assets/flags/ke.png":["assets/flags/ke.png"],"assets/flags/kg.png":["assets/flags/kg.png"],"assets/flags/kh.png":["assets/flags/kh.png"],"assets/flags/ki.png":["assets/flags/ki.png"],"assets/flags/km.png":["assets/flags/km.png"],"assets/flags/kn.png":["assets/flags/kn.png"],"assets/flags/kp.png":["assets/flags/kp.png"],"assets/flags/kr.png":["assets/flags/kr.png"],"assets/flags/kw.png":["assets/flags/kw.png"],"assets/flags/ky.png":["assets/flags/ky.png"],"assets/flags/kz.png":["assets/flags/kz.png"],"assets/flags/la.png":["assets/flags/la.png"],"assets/flags/lb.png":["assets/flags/lb.png"],"assets/flags/lc.png":["assets/flags/lc.png"],"assets/flags/li.png":["assets/flags/li.png"],"assets/flags/lk.png":["assets/flags/lk.png"],"assets/flags/lr.png":["assets/flags/lr.png"],"assets/flags/lt.png":["assets/flags/lt.png"],"assets/flags/lu.png":["assets/flags/lu.png"],"assets/flags/lv.png":["assets/flags/lv.png"],"assets/flags/ly.png":["assets/flags/ly.png"],"assets/flags/ma.png":["assets/flags/ma.png"],"assets/flags/mc.png":["assets/flags/mc.png"],"assets/flags/md.png":["assets/flags/md.png"],"assets/flags/me.png":["assets/flags/me.png"],"assets/flags/mf.png":["assets/flags/mf.png"],"assets/flags/mg.png":["assets/flags/mg.png"],"assets/flags/mh.png":["assets/flags/mh.png"],"assets/flags/mk.png":["assets/flags/mk.png"],"assets/flags/ml.png":["assets/flags/ml.png"],"assets/flags/mm.png":["assets/flags/mm.png"],"assets/flags/mn.png":["assets/flags/mn.png"],"assets/flags/mo.png":["assets/flags/mo.png"],"assets/flags/mp.png":["assets/flags/mp.png"],"assets/flags/mq.png":["assets/flags/mq.png"],"assets/flags/mr.png":["assets/flags/mr.png"],"assets/flags/ms.png":["assets/flags/ms.png"],"assets/flags/mt.png":["assets/flags/mt.png"],"assets/flags/mu.png":["assets/flags/mu.png"],"assets/flags/mv.png":["assets/flags/mv.png"],"assets/flags/mw.png":["assets/flags/mw.png"],"assets/flags/mx.png":["assets/flags/mx.png"],"assets/flags/my.png":["assets/flags/my.png"],"assets/flags/mz.png":["assets/flags/mz.png"],"assets/flags/na.png":["assets/flags/na.png"],"assets/flags/nc.png":["assets/flags/nc.png"],"assets/flags/ne.png":["assets/flags/ne.png"],"assets/flags/nf.png":["assets/flags/nf.png"],"assets/flags/ng.png":["assets/flags/ng.png"],"assets/flags/ni.png":["assets/flags/ni.png"],"assets/flags/nl.png":["assets/flags/nl.png"],"assets/flags/no.png":["assets/flags/no.png"],"assets/flags/np.png":["assets/flags/np.png"],"assets/flags/nr.png":["assets/flags/nr.png"],"assets/flags/nu.png":["assets/flags/nu.png"],"assets/flags/nz.png":["assets/flags/nz.png"],"assets/flags/om.png":["assets/flags/om.png"],"assets/flags/pa.png":["assets/flags/pa.png"],"assets/flags/pe.png":["assets/flags/pe.png"],"assets/flags/pf.png":["assets/flags/pf.png"],"assets/flags/pg.png":["assets/flags/pg.png"],"assets/flags/ph.png":["assets/flags/ph.png"],"assets/flags/pk.png":["assets/flags/pk.png"],"assets/flags/pl.png":["assets/flags/pl.png"],"assets/flags/pm.png":["assets/flags/pm.png"],"assets/flags/pn.png":["assets/flags/pn.png"],"assets/flags/pr.png":["assets/flags/pr.png"],"assets/flags/ps.png":["assets/flags/ps.png"],"assets/flags/pt.png":["assets/flags/pt.png"],"assets/flags/pw.png":["assets/flags/pw.png"],"assets/flags/py.png":["assets/flags/py.png"],"assets/flags/qa.png":["assets/flags/qa.png"],"assets/flags/re.png":["assets/flags/re.png"],"assets/flags/ro.png":["assets/flags/ro.png"],"assets/flags/rs.png":["assets/flags/rs.png"],"assets/flags/ru.png":["assets/flags/ru.png"],"assets/flags/rw.png":["assets/flags/rw.png"],"assets/flags/sa.png":["assets/flags/sa.png"],"assets/flags/sb.png":["assets/flags/sb.png"],"assets/flags/sc.png":["assets/flags/sc.png"],"assets/flags/sd.png":["assets/flags/sd.png"],"assets/flags/se.png":["assets/flags/se.png"],"assets/flags/sg.png":["assets/flags/sg.png"],"assets/flags/sh.png":["assets/flags/sh.png"],"assets/flags/si.png":["assets/flags/si.png"],"assets/flags/sj.png":["assets/flags/sj.png"],"assets/flags/sk.png":["assets/flags/sk.png"],"assets/flags/sl.png":["assets/flags/sl.png"],"assets/flags/sm.png":["assets/flags/sm.png"],"assets/flags/sn.png":["assets/flags/sn.png"],"assets/flags/so.png":["assets/flags/so.png"],"assets/flags/sr.png":["assets/flags/sr.png"],"assets/flags/ss.png":["assets/flags/ss.png"],"assets/flags/st.png":["assets/flags/st.png"],"assets/flags/sv.png":["assets/flags/sv.png"],"assets/flags/sx.png":["assets/flags/sx.png"],"assets/flags/sy.png":["assets/flags/sy.png"],"assets/flags/sz.png":["assets/flags/sz.png"],"assets/flags/tc.png":["assets/flags/tc.png"],"assets/flags/td.png":["assets/flags/td.png"],"assets/flags/tf.png":["assets/flags/tf.png"],"assets/flags/tg.png":["assets/flags/tg.png"],"assets/flags/th.png":["assets/flags/th.png"],"assets/flags/tj.png":["assets/flags/tj.png"],"assets/flags/tk.png":["assets/flags/tk.png"],"assets/flags/tl.png":["assets/flags/tl.png"],"assets/flags/tm.png":["assets/flags/tm.png"],"assets/flags/tn.png":["assets/flags/tn.png"],"assets/flags/to.png":["assets/flags/to.png"],"assets/flags/tr.png":["assets/flags/tr.png"],"assets/flags/tt.png":["assets/flags/tt.png"],"assets/flags/tv.png":["assets/flags/tv.png"],"assets/flags/tw.png":["assets/flags/tw.png"],"assets/flags/tz.png":["assets/flags/tz.png"],"assets/flags/ua.png":["assets/flags/ua.png"],"assets/flags/ug.png":["assets/flags/ug.png"],"assets/flags/um.png":["assets/flags/um.png"],"assets/flags/us.png":["assets/flags/us.png"],"assets/flags/uy.png":["assets/flags/uy.png"],"assets/flags/uz.png":["assets/flags/uz.png"],"assets/flags/va.png":["assets/flags/va.png"],"assets/flags/vc.png":["assets/flags/vc.png"],"assets/flags/ve.png":["assets/flags/ve.png"],"assets/flags/vg.png":["assets/flags/vg.png"],"assets/flags/vi.png":["assets/flags/vi.png"],"assets/flags/vn.png":["assets/flags/vn.png"],"assets/flags/vu.png":["assets/flags/vu.png"],"assets/flags/wf.png":["assets/flags/wf.png"],"assets/flags/ws.png":["assets/flags/ws.png"],"assets/flags/xk.png":["assets/flags/xk.png"],"assets/flags/ye.png":["assets/flags/ye.png"],"assets/flags/yt.png":["assets/flags/yt.png"],"assets/flags/za.png":["assets/flags/za.png"],"assets/flags/zm.png":["assets/flags/zm.png"],"assets/flags/zw.png":["assets/flags/zw.png"],"assets/fonts/WorkSans/WorkSans-Bold.ttf":["assets/fonts/WorkSans/WorkSans-Bold.ttf"],"assets/fonts/WorkSans/WorkSans-BoldItalic.ttf":["assets/fonts/WorkSans/WorkSans-BoldItalic.ttf"],"assets/fonts/WorkSans/WorkSans-Italic.ttf":["assets/fonts/WorkSans/WorkSans-Italic.ttf"],"assets/fonts/WorkSans/WorkSans-Medium.ttf":["assets/fonts/WorkSans/WorkSans-Medium.ttf"],"assets/fonts/WorkSans/WorkSans-MediumItalic.ttf":["assets/fonts/WorkSans/WorkSans-MediumItalic.ttf"],"assets/fonts/WorkSans/WorkSans-Regular.ttf":["assets/fonts/WorkSans/WorkSans-Regular.ttf"],"assets/inventory/barcode_sample.svg":["assets/inventory/barcode_sample.svg"],"assets/inventory/bulk_export_icon.svg":["assets/inventory/bulk_export_icon.svg"],"assets/inventory/chevron_right.svg":["assets/inventory/chevron_right.svg"],"assets/inventory/download_icon.svg":["assets/inventory/download_icon.svg"],"assets/inventory/info.svg":["assets/inventory/info.svg"],"assets/kyc/document--pdf.svg":["assets/kyc/document--pdf.svg"],"assets/kyc/image.svg":["assets/kyc/image.svg"],"assets/notification/arrow_up_right.svg":["assets/notification/arrow_up_right.svg"],"assets/notification/email_icon.svg":["assets/notification/email_icon.svg"],"assets/onboarding/arrow_right.svg":["assets/onboarding/arrow_right.svg"],"assets/onboarding/chat_icon.svg":["assets/onboarding/chat_icon.svg"],"assets/onboarding/contact_support_icon.svg":["assets/onboarding/contact_support_icon.svg"],"assets/onboarding/default_onboarding_img.png":["assets/onboarding/default_onboarding_img.png"],"assets/onboarding/whatsApp_icon.svg":["assets/onboarding/whatsApp_icon.svg"],"assets/registration/add_icon.svg":["assets/registration/add_icon.svg"],"assets/registration/back_button.svg":["assets/registration/back_button.svg"],"assets/registration/check.svg":["assets/registration/check.svg"],"assets/registration/check_access_icon.svg":["assets/registration/check_access_icon.svg"],"assets/registration/feature_tick_icon.svg":["assets/registration/feature_tick_icon.svg"],"assets/registration/line.svg":["assets/registration/line.svg"],"assets/registration/location_icon.svg":["assets/registration/location_icon.svg"],"assets/registration/star.svg":["assets/registration/star.svg"],"assets/registration/trash_icon.svg":["assets/registration/trash_icon.svg"],"assets/splash/line.svg":["assets/splash/line.svg"],"assets/splash/main_logo.svg":["assets/splash/main_logo.svg"],"assets/splash/stock_rx.svg":["assets/splash/stock_rx.svg"],"packages/cupertino_icons/assets/CupertinoIcons.ttf":["packages/cupertino_icons/assets/CupertinoIcons.ttf"],"packages/easy_stepper/assets/loading_black.json":["packages/easy_stepper/assets/loading_black.json"],"packages/easy_stepper/assets/loading_white.json":["packages/easy_stepper/assets/loading_white.json"],"packages/window_manager/images/ic_chrome_close.png":["packages/window_manager/images/ic_chrome_close.png"],"packages/window_manager/images/ic_chrome_maximize.png":["packages/window_manager/images/ic_chrome_maximize.png"],"packages/window_manager/images/ic_chrome_minimize.png":["packages/window_manager/images/ic_chrome_minimize.png"],"packages/window_manager/images/ic_chrome_unmaximize.png":["packages/window_manager/images/ic_chrome_unmaximize.png"]}